[
    {
        "id": "25d7f325accd051f",
        "type": "tab",
        "label": "Flow 1",
        "disabled": false,
        "info": "",
        "env": []
    },
    {
        "id": "4512f4b65f93ee9c",
        "type": "debug",
        "z": "25d7f325accd051f",
        "name": "debug 4",
        "active": true,
        "tosidebar": true,
        "console": false,
        "tostatus": false,
        "complete": "payload",
        "targetType": "msg",
        "statusVal": "",
        "statusType": "auto",
        "x": 660,
        "y": 320,
        "wires": []
    },
    {
        "id": "050c0a55609d14ab",
        "type": "mqtt in",
        "z": "25d7f325accd051f",
        "name": "",
        "topic": "fiap/iot/GS18",
        "qos": "0",
        "datatype": "auto",
        "broker": "1c15f073.9a87a4",
        "nl": false,
        "rap": false,
        "inputs": 0,
        "x": 170,
        "y": 240,
        "wires": [
            [
                "a792721dd680a5a7",
                "6ad2b44847aff00e"
            ]
        ]
    },
    {
        "id": "6ad2b44847aff00e",
        "type": "function",
        "z": "25d7f325accd051f",
        "name": "Create Messages",
        "func": "var message = msg.payload;\nvar newMsg = null;\n\nswitch (message) {\n    case 'Estoque: 50-100':\n        newMsg = { payload: 'O estoque está entre 50% e 100%.' };\n        break;\n    case 'Estoque: 20-50':\n        newMsg = { payload: 'O estoque está entre 50% e 20%.' };\n        break;\n    case 'Estoque: 20-0':\n        newMsg = { payload: 'O estoque está entre 0% e 20%.' };\n        break;\n    case 'Estoque: Zerado':\n        newMsg = { payload: 'O estoque está zerado.' };\n        break;\n}\n\nreturn newMsg;",
        "outputs": 1,
        "noerr": 0,
        "initialize": "",
        "finalize": "",
        "libs": [],
        "x": 420,
        "y": 240,
        "wires": [
            [
                "128be768b4d14e9a"
            ]
        ]
    },
    {
        "id": "a792721dd680a5a7",
        "type": "debug",
        "z": "25d7f325accd051f",
        "name": "debug 5",
        "active": true,
        "tosidebar": true,
        "console": false,
        "tostatus": false,
        "complete": "payload",
        "targetType": "msg",
        "statusVal": "",
        "statusType": "auto",
        "x": 340,
        "y": 180,
        "wires": []
    },
    {
        "id": "128be768b4d14e9a",
        "type": "node-red-contrib-whatsapp-cmb-send-message",
        "z": "25d7f325accd051f",
        "name": "",
        "credtype": "account",
        "account": "",
        "text": "payload",
        "phonenumbervalue": "",
        "apikeyvalue": "",
        "apikeyinputtypemessage": "msg",
        "phonenumberinputtypemessage": "msg",
        "inputtypemessage": "msg",
        "rejectssl": false,
        "x": 660,
        "y": 240,
        "wires": [
            [
                "4512f4b65f93ee9c"
            ]
        ]
    },
    {
        "id": "1c15f073.9a87a4",
        "type": "mqtt-broker",
        "name": "",
        "broker": "broker.hivemq.com",
        "port": "1883",
        "clientid": "",
        "usetls": false,
        "compatmode": false,
        "keepalive": "60",
        "cleansession": true,
        "birthTopic": "",
        "birthQos": "0",
        "birthPayload": "",
        "birthMsg": {},
        "closeTopic": "",
        "closeQos": "0",
        "closePayload": "",
        "closeMsg": {},
        "willTopic": "",
        "willQos": "0",
        "willPayload": "",
        "willMsg": {},
        "sessionExpiry": ""
    }
]